Feature,Coefficient
age,12167.369307575227
sex,-0.120351349389726
bmi,11966.87724565994
children,2690.378642668715
smoker,23693.392551442656
region,-1145.8213187607275
